metric,baseline,pullback,pullback_minus_baseline
expectancy,-0.11376739258032022,-2.0159583208195038,-1.9021909282391836
profit_factor,0.9896681083525739,0.6091583248061901,-0.38050978354638376
trade_count,57.0,146.0,89.0
max_drawdown_pct,6.683771688160106,8.692022180524887,2.0082504923647813
