metric,baseline,pullback,pullback_minus_baseline,exit_month
expectancy,-3.752706007065899,-2.8654029885387122,0.8873030185271866,2026-03
profit_factor,0.6621432015986862,0.3585186443485641,-0.3036245572501221,2026-03
trade_count,39.0,110.0,71.0,2026-03
max_drawdown_pct,6.683771688160106,6.329215123955125,-0.35455656420498105,2026-03
expectancy,7.770599605471767,0.5795670527669665,-7.1910325527048,2026-04
profit_factor,1.71929603295346,1.0797224903513736,-0.6395735426020863,2026-04
trade_count,18.0,36.0,18.0,2026-04
max_drawdown_pct,2.456792157950094,3.4311252679832793,0.9743331100331853,2026-04
