window_idx,family,score_mode,variant_id,trade_count,expectancy,win_rate,profit_factor,avg_hold_bars,total_pnl,total_return_pct,max_drawdown_pct
1,baseline,trend_consistency_20_x_slope_20_over_atr_20,baseline_trend_consistency_20_x_slope_20_over_atr_20_lb20_top30_hold10,19,-17.046871382797473,21.052631578947366,0.1645234207408061,10.0,-323.89055627315196,-32.389055627315194,6.683771688160106
1,pullback,trend_consistency_20_x_slope_20_over_atr_20,pullback_trend_consistency_20_x_slope_20_over_atr_20_lb20_top30_hold5_pb1.0_enf,45,-3.269916659490278,13.333333333333334,0.33178661484525607,6.844444444444444,-147.1462496770625,-14.714624967706257,2.803902627765186
2,baseline,trend_consistency_20_x_slope_20_over_atr_20,baseline_trend_consistency_20_x_slope_20_over_atr_20_lb20_top30_hold5,20,8.876751099879097,85.0,4.900458215320419,5.0,177.53502199758196,17.7535021997582,0.4703200375319499
2,pullback,trend_consistency_20_x_slope_20_over_atr_20,pullback_trend_consistency_20_x_slope_20_over_atr_20_lb20_top30_hold5_pb1.0_enf,59,-2.5116267928797607,10.16949152542373,0.41028314089679546,5.576271186440678,-148.1859807799059,-14.818598077990586,3.7559306316965637
3,baseline,trend_consistency_20_x_slope_20_over_atr_20,baseline_trend_consistency_20_x_slope_20_over_atr_20_lb20_top20_hold5,18,7.770599605471767,83.33333333333334,1.71929603295346,5.0,139.8707928984918,13.987079289849177,2.456792157950094
3,pullback,trend_consistency_20_x_slope_20_over_atr_20,pullback_trend_consistency_20_x_slope_20_over_atr_20_lb20_top30_hold5_pb0.5_enf,42,0.023864657555260023,26.190476190476193,1.0035596739337216,7.9523809523809526,1.002315617320921,0.10023156173209191,3.4311252679832793
