exit_month,family,score_mode,variant_id,trade_count,expectancy,win_rate,profit_factor,avg_hold_bars,total_pnl,total_return_pct,max_drawdown_pct
2026-03,baseline,trend_consistency_20_x_slope_20_over_atr_20,baseline_trend_consistency_20_x_slope_20_over_atr_20_lb20_top30_hold10,39,-3.752706007065899,53.84615384615385,0.6621432015986862,7.435897435897436,-146.35553427557005,-14.635553427557001,6.683771688160106
2026-03,pullback,trend_consistency_20_x_slope_20_over_atr_20,pullback_trend_consistency_20_x_slope_20_over_atr_20_lb20_top30_hold5_pb1.0_enf,110,-2.8654029885387122,10.909090909090908,0.3585186443485641,6.009090909090909,-315.19432873925837,-31.519432873925833,6.329215123955125
2026-04,baseline,trend_consistency_20_x_slope_20_over_atr_20,baseline_trend_consistency_20_x_slope_20_over_atr_20_lb20_top20_hold5,18,7.770599605471767,83.33333333333334,1.71929603295346,5.0,139.8707928984918,13.987079289849177,2.456792157950094
2026-04,pullback,trend_consistency_20_x_slope_20_over_atr_20,pullback_trend_consistency_20_x_slope_20_over_atr_20_lb20_top30_hold5_pb0.5_enf,36,0.5795670527669665,30.555555555555557,1.0797224903513736,8.61111111111111,20.864413899610796,2.086441389961083,3.4311252679832793
