metric,baseline,pullback,pullback_minus_baseline
expectancy,0.9110448980408405,4.563527544953805,3.652482646912965
profit_factor,1.0986601730203576,1.7004045849342746,0.601744411913917
trade_count,60.0,50.0,-10.0
max_drawdown_pct,4.332406467141456,2.027187401295917,-2.305219065845539
