metric,baseline,pullback,pullback_minus_baseline,exit_month
expectancy,-0.5901445315049089,0.5648772771071976,1.1550218086121065,2026-03
profit_factor,0.9325277830308959,1.089633859958031,0.15710607692713519,2026-03
trade_count,39.0,32.0,-7.0,2026-03
max_drawdown_pct,4.332406467141456,1.9920383292090629,-2.3403681379323933,2026-03
expectancy,3.6989681243400914,11.672239132236662,7.973271007896571,2026-04
profit_factor,1.364794115019121,2.6928243916958228,1.3280302766767018,2026-04
trade_count,21.0,18.0,-3.0,2026-04
max_drawdown_pct,1.619895687854571,1.4323101445935837,-0.1875855432609872,2026-04
