exit_month,family,score_mode,variant_id,trade_count,expectancy,win_rate,profit_factor,avg_hold_bars,total_pnl,total_return_pct,max_drawdown_pct
2026-03,baseline,trend_consistency_20_x_slope_20_over_atr_20,baseline_trend_consistency_20_x_slope_20_over_atr_20_lb20_top20_hold2,39,-0.5901445315049089,61.53846153846154,0.9325277830308959,3.5384615384615383,-23.015636728691447,-2.301563672869145,4.332406467141456
2026-03,pullback,trend_consistency_20_x_slope_20_over_atr_20,pullback_trend_consistency_20_x_slope_20_over_atr_20_lb20_top30_hold10_pb0.5,32,0.5648772771071976,53.125,1.089633859958031,10.0,18.076072867430323,1.8076072867430306,1.9920383292090629
2026-03,ranking_only,trend_consistency_20_x_slope_20_over_atr_20,ranking_only_trend_consistency_20_x_slope_20_over_atr_20_lb20_top20_hold5,39,-0.9932405472169129,53.84615384615385,0.8926771789308189,7.564102564102564,-38.736381341459605,-3.8736381341459616,4.771652748686554
2026-04,baseline,trend_consistency_20_x_slope_20_over_atr_20,baseline_trend_consistency_20_x_slope_20_over_atr_20_lb20_top30_hold2,21,3.6989681243400914,57.14285714285714,1.364794115019121,2.0,77.67833061114192,7.767833061114191,1.619895687854571
2026-04,pullback,trend_consistency_20_x_slope_20_over_atr_20,pullback_trend_consistency_20_x_slope_20_over_atr_20_lb20_top20_hold5_pb0.5,18,11.672239132236662,77.77777777777779,2.6928243916958228,5.0,210.1003043802599,21.010030438025982,1.4323101445935837
2026-04,ranking_only,trend_consistency_20_x_slope_20_over_atr_20,ranking_only_trend_consistency_20_x_slope_20_over_atr_20_lb20_top30_hold5,20,-1.4728926144109784,40.0,0.9003666888465534,5.0,-29.45785228821957,-2.9457852288219577,2.3899433542990782
