metric,baseline,pullback,pullback_minus_baseline
expectancy,-0.11376739258032022,4.563527544953805,4.677294937534126
profit_factor,0.9896681083525739,1.7004045849342746,0.7107364765817007
trade_count,57.0,50.0,-7.0
max_drawdown_pct,6.683771688160106,2.027187401295917,-4.656584286864189
