month,signal_count,avg_forward_return_pct,realized_trade_count,realized_expectancy,realized_win_rate
2026-01,1,-2.1260971127076007,1,-21.41672526916261,0.0
2026-02,1,0.29513202997158033,1,3.0805081388338067,100.0
2026-03,2,-0.0560292430016375,2,-0.36857009993730117,50.0
