time_bucket,horizon_bars,sample_count,avg_gross_return_pct,median_gross_return_pct,gross_win_rate_pct,avg_net_expectancy_pct,median_net_return_pct,net_win_rate_pct,net_profit_factor
open_30m,4,4,-0.5519071180733952,-0.3287004781566658,0.0,-0.6062289713619322,-0.3986865938930066,0.0,0.0
open_30m,6,4,-0.5127486091999747,-0.23759905687077254,0.0,-0.5670946531278162,-0.2999243533809192,0.0,0.0
open_30m,8,4,-0.4885122683181553,-0.3727367954817564,25.0,-0.5428612307583052,-0.43501594265201216,25.0,0.14854738786731367
open_30m,10,4,-0.6907615524545413,-0.5683209959503425,25.0,-0.7450352944530862,-0.6304980757471754,25.0,0.033480062190113645
open_30m,15,4,-0.5505193460450374,-0.3455467128474975,25.0,-0.6048581599991478,-0.4078355613608949,25.0,0.1291448918702182
open_30m,20,4,-0.43135282352693294,-0.011634520251092961,50.0,-0.4857558921848239,-0.0560292430016375,50.0,0.14544977084297062
open_30m,30,4,-2.5012328029679605,-2.4884482024245367,0.0,-2.554964292089065,-2.5498867516173167,0.0,0.0
