hold_bars,signal_count,trade_count,realized_pnl,expectancy,win_rate,profit_factor,max_drawdown_pct,avg_holding_period
4,4,4,-24.597254028803604,-6.149313507200901,0.0,0.0,0.32754867498459134,5.0
8,4,4,-24.966579833496553,-6.241644958374138,25.0,0.09713226284124538,0.34952402199538485,9.0
10,4,4,-30.974236904628924,-7.743559226157231,25.0,0.010566095091571168,0.40356039533287913,11.0
15,4,4,-22.91020335426333,-5.727550838565833,25.0,0.134585079432872,0.3474389608399906,16.0
20,4,4,-19.073357330203407,-4.768339332550852,50.0,0.15921130114280746,0.3279525511155407,21.0
30,4,4,-103.71119968173355,-25.927799920433387,0.0,0.0,1.1758984487509772,31.0
