month,signal_count,avg_forward_return_pct,realized_trade_count,realized_expectancy,realized_win_rate
2026-01,2,-0.4195974848681032,2,-3.810494733890039,0.0
2026-02,13,-0.20545025670190326,12,-2.1514371023624506,33.33333333333333
2026-03,16,-0.12269636801764817,11,-1.1116369659203387,45.45454545454545
2026-04,13,-0.5090485714473559,11,-5.513454536670968,27.27272727272727
