trend_proxy,signal_count,avg_forward_return_pct,realized_trade_count,realized_expectancy,realized_win_rate
mixed,12,-0.12873338859931396,10,-1.4868147814769372,40.0
trend,32,-0.3295631550239744,26,-3.517157438840942,30.76923076923077
