time_bucket,signal_count,avg_forward_return_pct,realized_trade_count,realized_expectancy,realized_win_rate
afternoon,5,-0.1675146484236734,4,-1.0945332032979707,25.0
midday,1,-0.7867735883095747,1,-9.76201695832583,0.0
morning,11,0.04615047513588023,8,0.33421217414807813,50.0
open_30m,27,-0.40644926000095144,23,-4.123816906360903,30.434782608695656
