strategy_mode,signals,closed_trades,realized_pnl,expectancy,win_rate,profit_factor,max_drawdown_pct,best_raw_horizon_bars,best_raw_net_expectancy_pct
momentum_breakout,44,36,-106.31424122463386,-2.9531733673509404,33.33333333333333,0.30155789724276977,1.077277577171026,1,-0.1770304489339966
trend_pullback,200,75,-63.92889597370788,-0.8523852796494384,49.333333333333336,0.7656863923376124,1.4723240212056614,8,0.10110541862500277
