metric,baseline,pullback,pullback_minus_baseline,exit_month
expectancy,-3.752706007065899,0.5648772771071976,4.317583284173097,2026-03
profit_factor,0.6621432015986862,1.089633859958031,0.42749065835934486,2026-03
trade_count,39.0,32.0,-7.0,2026-03
max_drawdown_pct,6.683771688160106,1.9920383292090629,-4.691733358951043,2026-03
expectancy,7.770599605471767,11.672239132236662,3.901639526764895,2026-04
profit_factor,1.71929603295346,2.6928243916958228,0.9735283587423629,2026-04
trade_count,18.0,18.0,0.0,2026-04
max_drawdown_pct,2.456792157950094,1.4323101445935837,-1.0244820133565102,2026-04
