window_idx,family,score_mode,variant_id,trade_count,expectancy,win_rate,profit_factor,avg_hold_bars,total_pnl,total_return_pct,max_drawdown_pct
1,baseline,trend_consistency_20_x_slope_20_over_atr_20,baseline_trend_consistency_20_x_slope_20_over_atr_20_lb20_top30_hold10,19,-17.046871382797473,21.052631578947366,0.1645234207408061,10.0,-323.89055627315196,-32.389055627315194,6.683771688160106
1,pullback,trend_consistency_20_x_slope_20_over_atr_20,pullback_trend_consistency_20_x_slope_20_over_atr_20_lb20_top30_hold10_pb0.5,15,-6.972822586548181,33.33333333333333,0.3414682288193236,10.0,-104.59233879822273,-10.459233879822271,1.7384885209414735
2,baseline,trend_consistency_20_x_slope_20_over_atr_20,baseline_trend_consistency_20_x_slope_20_over_atr_20_lb20_top30_hold5,20,8.876751099879097,85.0,4.900458215320419,5.0,177.53502199758196,17.7535021997582,0.4703200375319499
2,pullback,trend_consistency_20_x_slope_20_over_atr_20,pullback_trend_consistency_20_x_slope_20_over_atr_20_lb20_top30_hold10_pb0.5,17,7.215788921509001,70.58823529411765,3.8634677568218567,10.0,122.66841166565303,12.266841166565307,0.5015313046785874
3,baseline,trend_consistency_20_x_slope_20_over_atr_20,baseline_trend_consistency_20_x_slope_20_over_atr_20_lb20_top20_hold5,18,7.770599605471767,83.33333333333334,1.71929603295346,5.0,139.8707928984918,13.987079289849177,2.456792157950094
3,pullback,trend_consistency_20_x_slope_20_over_atr_20,pullback_trend_consistency_20_x_slope_20_over_atr_20_lb20_top20_hold5_pb0.5,18,11.672239132236662,77.77777777777779,2.6928243916958228,5.0,210.1003043802599,21.010030438025982,1.4323101445935837
