exit_month,family,score_mode,variant_id,trade_count,expectancy,win_rate,profit_factor,avg_hold_bars,total_pnl,total_return_pct,max_drawdown_pct
2026-03,baseline,trend_consistency_20_x_slope_20_over_atr_20,baseline_trend_consistency_20_x_slope_20_over_atr_20_lb20_top30_hold10,39,-3.752706007065899,53.84615384615385,0.6621432015986862,7.435897435897436,-146.35553427557005,-14.635553427557001,6.683771688160106
2026-03,pullback,trend_consistency_20_x_slope_20_over_atr_20,pullback_trend_consistency_20_x_slope_20_over_atr_20_lb20_top30_hold10_pb0.5,32,0.5648772771071976,53.125,1.089633859958031,10.0,18.076072867430323,1.8076072867430306,1.9920383292090629
2026-04,baseline,trend_consistency_20_x_slope_20_over_atr_20,baseline_trend_consistency_20_x_slope_20_over_atr_20_lb20_top20_hold5,18,7.770599605471767,83.33333333333334,1.71929603295346,5.0,139.8707928984918,13.987079289849177,2.456792157950094
2026-04,pullback,trend_consistency_20_x_slope_20_over_atr_20,pullback_trend_consistency_20_x_slope_20_over_atr_20_lb20_top20_hold5_pb0.5,18,11.672239132236662,77.77777777777779,2.6928243916958228,5.0,210.1003043802599,21.010030438025982,1.4323101445935837
