month,signal_count,avg_forward_return_pct,realized_trade_count,realized_expectancy,realized_win_rate
2026-01,1,-1.4972397640324744,1,-15.614883476432396,0.0
2026-02,1,-0.6350204116785789,1,-6.0057032124708485,0.0
2026-03,2,-0.1463278548683377,2,-1.4883336699501797,0.0
