metric,baseline,pullback,pullback_minus_baseline
expectancy,5.834214795136408,6.014871982452137,0.18065718731572922
profit_factor,1.867824952279101,1.9284079198915014,0.06058296761240034
trade_count,48.0,42.0,-6.0
max_drawdown_pct,2.6897298546433155,1.9764116861020018,-0.7133181685413137
