metric,baseline,pullback,pullback_minus_baseline
expectancy,-0.320711988953493,-1.5213846435139147,-1.2006726545604216
profit_factor,0.9635808910612186,0.852595411839132,-0.11098547922208657
trade_count,83.0,75.0,-8.0
max_drawdown_pct,3.1707818588379366,3.6912059519190175,0.5204240930810808
