metric,baseline,pullback,pullback_minus_baseline,exit_month
expectancy,-3.752706007065899,-7.0367424201971,-3.2840364131312008,2026-03
profit_factor,0.6621432015986862,0.4073756385993348,-0.25476756299935144,2026-03
trade_count,39.0,25.0,-14.0,2026-03
max_drawdown_pct,6.683771688160106,3.380151777115044,-3.303619911045062,2026-03
expectancy,7.770599605471767,5.484119775375523,-2.286479830096244,2026-04
profit_factor,1.71929603295346,2.3059660247413003,0.5866699917878404,2026-04
trade_count,18.0,15.0,-3.0,2026-04
max_drawdown_pct,2.456792157950094,0.5684446122674567,-1.8883475456826373,2026-04
