metric,baseline,pullback,pullback_minus_baseline
expectancy,-0.11376739258032022,-2.341419096857365,-2.2276517042770445
profit_factor,0.9896681083525739,0.7397236717929423,-0.2499444365596316
trade_count,57.0,40.0,-17.0
max_drawdown_pct,6.683771688160106,3.525440155332366,-3.1583315328277397
