window_idx,family,score_mode,variant_id,trade_count,expectancy,win_rate,profit_factor,avg_hold_bars,total_pnl,total_return_pct,max_drawdown_pct
1,baseline,trend_consistency_20_x_slope_20_over_atr_20,baseline_trend_consistency_20_x_slope_20_over_atr_20_lb20_top30_hold10,19,-17.046871382797473,21.052631578947366,0.1645234207408061,10.0,-323.89055627315196,-32.389055627315194,6.683771688160106
1,pullback,trend_consistency_20_x_slope_20_over_atr_20,pullback_trend_consistency_20_x_slope_20_over_atr_20_lb20_top20_hold10_pb1.0_rftf,11,-13.411594088289736,27.27272727272727,0.23574453008811624,10.0,-147.5275349711871,-14.752753497118709,2.676654832265027
2,baseline,trend_consistency_20_x_slope_20_over_atr_20,baseline_trend_consistency_20_x_slope_20_over_atr_20_lb20_top30_hold5,20,8.876751099879097,85.0,4.900458215320419,5.0,177.53502199758196,17.7535021997582,0.4703200375319499
2,pullback,trend_consistency_20_x_slope_20_over_atr_20,pullback_trend_consistency_20_x_slope_20_over_atr_20_lb20_top20_hold5_pb0.5_rftf,14,-2.0279303952671706,42.857142857142854,0.7265158806688131,5.0,-28.39102553374039,-2.8391025533740377,0.8031385644286638
3,baseline,trend_consistency_20_x_slope_20_over_atr_20,baseline_trend_consistency_20_x_slope_20_over_atr_20_lb20_top20_hold5,18,7.770599605471767,83.33333333333334,1.71929603295346,5.0,139.8707928984918,13.987079289849177,2.456792157950094
3,pullback,trend_consistency_20_x_slope_20_over_atr_20,pullback_trend_consistency_20_x_slope_20_over_atr_20_lb20_top30_hold5_pb1.0_rftf,15,5.484119775375523,73.33333333333333,2.3059660247413003,5.0,82.26179663063284,8.226179663063286,0.5684446122674567
