exit_month,family,score_mode,variant_id,trade_count,expectancy,win_rate,profit_factor,avg_hold_bars,total_pnl,total_return_pct,max_drawdown_pct
2026-03,baseline,trend_consistency_20_x_slope_20_over_atr_20,baseline_trend_consistency_20_x_slope_20_over_atr_20_lb20_top30_hold10,39,-3.752706007065899,53.84615384615385,0.6621432015986862,7.435897435897436,-146.35553427557005,-14.635553427557001,6.683771688160106
2026-03,pullback,trend_consistency_20_x_slope_20_over_atr_20,pullback_trend_consistency_20_x_slope_20_over_atr_20_lb20_top20_hold10_pb1.0_rftf,25,-7.0367424201971,36.0,0.4073756385993348,7.2,-175.91856050492748,-17.591856050492748,3.380151777115044
2026-04,baseline,trend_consistency_20_x_slope_20_over_atr_20,baseline_trend_consistency_20_x_slope_20_over_atr_20_lb20_top20_hold5,18,7.770599605471767,83.33333333333334,1.71929603295346,5.0,139.8707928984918,13.987079289849177,2.456792157950094
2026-04,pullback,trend_consistency_20_x_slope_20_over_atr_20,pullback_trend_consistency_20_x_slope_20_over_atr_20_lb20_top30_hold5_pb1.0_rftf,15,5.484119775375523,73.33333333333333,2.3059660247413003,5.0,82.26179663063284,8.226179663063286,0.5684446122674567
